<?xml version="1.0" encoding="utf-8"?>
<!--
    * Copyright 2019 American Well Systems
    * All rights reserved.
    * <p/>
    * It is illegal to use, reproduce or distribute
    * any part of this Intellectual Property without
    * prior written authorization from American Well.
-->

<selector xmlns:android="http://schemas.android.com/apk/res/android">
    <item
        android:state_activated="true"
        android:state_focused="true"
        android:state_pressed="false">
        <layer-list>
            <item>
                <shape
                    android:shape="oval">
                    <gradient
                        android:endColor="@color/awsdk_video_visit_control_button_circle_focused"
                        android:gradientRadius="110%p"
                        android:startColor="@android:color/white"
                        android:type="radial"/>
                </shape>
            </item>
            <item
                android:bottom="3dp"
                android:left="3dp"
                android:right="3dp"
                android:top="3dp">
                <shape
                    android:shape="oval">
                    <solid
                        android:color="@color/awsdk_video_visit_control_button_circle_pressed"/>
                </shape>
            </item>
        </layer-list>
    </item>

    <item
        android:state_activated="true"
        android:state_pressed="false">
        <layer-list>
            <item>
                <shape
                    android:shape="oval">
                    <solid
                        android:color="@color/awsdk_video_visit_control_button_circle"/>
                </shape>
            </item>
            <item>
                <shape
                    android:shape="oval">
                    <stroke
                        android:width="2dp"
                        android:color="@color/awsdk_video_visit_button_outline"/>
                </shape>
            </item>
        </layer-list>
    </item>

    <item
        android:state_activated="true">
        <layer-list>
            <item>
                <shape
                    android:shape="oval">
                    <solid
                        android:color="@color/awsdk_video_visit_control_button_circle_pressed"/>
                </shape>
            </item>
            <item>
                <shape
                    android:shape="oval">
                    <stroke
                        android:width="2dp"
                        android:color="@color/awsdk_video_visit_button_outline"/>
                </shape>
            </item>
        </layer-list>
    </item>

    <item
        android:state_activated="false"
        android:state_focused="true"
        android:state_pressed="false">
        <layer-list>
            <item>
                <shape
                    android:shape="oval">
                    <gradient
                        android:endColor="@color/awsdk_video_visit_control_button_circle_focused"
                        android:gradientRadius="110%p"
                        android:startColor="@android:color/white"
                        android:type="radial"/>
                </shape>
            </item>
            <item
                android:bottom="3dp"
                android:left="3dp"
                android:right="3dp"
                android:top="3dp">
                <shape
                    android:shape="oval">
                    <solid
                        android:color="@color/awsdk_color_gray_pressed"/>
                </shape>
            </item>
        </layer-list>
    </item>

    <item
        android:state_activated="false"
        android:state_pressed="true">
        <layer-list>
            <item>
                <shape
                    android:shape="oval">
                    <solid
                        android:color="@color/awsdk_color_button_drawer_black"/>
                </shape>
            </item>
            <item>
                <shape
                    android:shape="oval">
                    <stroke
                        android:width="2dp"
                        android:color="@color/awsdk_video_visit_button_outline"/>
                </shape>
            </item>
        </layer-list>
    </item>

    <item
        android:state_activated="false">
        <layer-list>
            <item>
                <shape
                    android:shape="oval">
                    <solid
                        android:color="@color/awsdk_color_button_drawer_black_pressed"/>
                </shape>
            </item>
            <item>
                <shape
                    android:shape="oval">
                    <stroke
                        android:width="2dp"
                        android:color="@color/awsdk_video_visit_button_outline"/>
                </shape>
            </item>
        </layer-list>
    </item>

</selector>
