<?xml version="1.0" encoding="utf-8"?>
<!--
  ~ Copyright 2019 American Well Systems
  ~ All rights reserved.
  ~ <p>
  ~ It is illegal to use, reproduce or distribute
  ~ any part of this Intellectual Property without
  ~ prior written authorization from American Well.
  -->
<rotate xmlns:android="http://schemas.android.com/apk/res/android"
    android:fromDegrees="120"
    android:toDegrees="480">
    <layer-list>
        <item>
            <rotate
                android:fromDegrees="-90"
                android:toDegrees="-90">
                <shape
                    android:innerRadiusRatio="2.5"
                    android:shape="ring"
                    android:thickness="5dp"
                    android:useLevel="true"><!-- this line fixes the issue for lollipop api 21 -->

                    <gradient
                        android:angle="0"
                        android:endColor="@color/awsdk_video_visit_connecting_animation"
                        android:startColor="@color/awsdk_video_visit_connecting_animation"
                        android:type="sweep"
                        android:useLevel="false" />
                </shape>
            </rotate>
        </item>
        <item>
            <rotate
                android:fromDegrees="0"
                android:toDegrees="270">
                <shape
                    android:innerRadiusRatio="2.6"
                    android:shape="ring"
                    android:thickness="10dp"
                    android:useLevel="true"><!-- this line fixes the issue for lollipop api 21 -->
                    <gradient
                        android:angle="0"
                        android:centerColor="@color/awsdk_visit_console_background"
                        android:endColor="@color/awsdk_visit_console_background"
                        android:startColor="@color/awsdk_visit_console_background"
                        android:useLevel="false" />
                </shape>
            </rotate>
        </item>
    </layer-list>
</rotate>