<?xml version="1.0" encoding="utf-8"?>
<!--
    * Copyright 2016 American Well Systems
    * All rights reserved.
    * <p/>
    * It is illegal to use, reproduce or distribute
    * any part of this Intellectual Property without
    * prior written authorization from American Well.
-->
<resources>
    <color name="awsdk_color_black">#000000</color>
    <color name="awsdk_color_darkgray">#8a000000</color>
    <color name="awsdk_color_blue">#065696</color>
    <color name="awsdk_color_white">#ffffffff</color>
    <color name="awsdk_color_blue_accent">#007ac9</color>
    <color name="awsdk_color_white_overlay">#ededed</color>
    <color name="awsdk_color_pane_background">#FFFFFF</color>
    <color name="awsdk_color_red">#FF0000</color>
    <color name="awsdk_color_red_accent">#d90000</color>
    <color name="awsdk_color_white_75">#C0ffffff</color>
    <color name="awsdk_color_button_drawer_black">#0d0d0e</color>
    <color name="awsdk_color_button_drawer_black_pressed">#17171e</color>
    <color name="awsdk_color_white_20">#33ffffff</color>

    <!-- colors for v5.0+ visit console -->
    <color name="awsdk_color_mango">#fdaa29</color>
    <color name="awsdk_color_squash">#efa825</color>
    <color name="awsdk_color_slate">#5b6b7b</color>
    <color name="awsdk_color_very_light_grey">#bababa</color>
    <color name="awsdk_color_gray_pressed">#4a5764</color>
    <color name="awsdk_color_salmon">#fd6b6b</color>
    <color name="awsdk_color_focused">#ffc33e</color>
    <color name="awsdk_color_turquoise">#00bcd4</color>
    <color name="awsdk_color_turquoise_dark">#0096a6</color>
    <color name="awsdk_color_blackcurrant">#1a191b</color>
    <color name="awsdk_color_blackcurrant_60">#991a191b</color>
    <color name="awsdk_color_blackcurrant_0">#001a191b</color>
    <color name="awsdk_color_charcoal_88">#e1464646</color>
    <color name="awsdk_color_black_50">#80000000</color>
    <color name="awsdk_color_black_54">#8a000000</color>
    <color name="awsdk_color_black_87">#de000000</color>
    <color name="awsdk_transparent_background">#00000000</color>
    <color name="awsdk_color_gray_85">#D9506070</color>
    <color name="awsdk_color_coal">#313336</color>
    <color name="awsdk_color_bilboa">#9485ed</color>
    <color name="awsdk_color_sun">#fcd54e</color>
    <color name="awsdk_color_clear_blue">#25abfd</color>

    <color name="awsdk_video_visit_time_left">@color/awsdk_color_blue</color>
    <color name="awsdk_video_visit_button_end">@color/awsdk_color_red</color>
    <color name="awsdk_video_visit_console_background">@color/awsdk_color_pane_background</color>
    <color name="awsdk_color_overlay_background">@color/awsdk_color_white_overlay</color>

    <color name="awsdk_visit_time_left">@color/awsdk_color_white</color>
    <color name="awsdk_visit_button_end">@color/awsdk_color_salmon</color>
    <color name="awsdk_visit_console_background">@color/awsdk_color_blackcurrant</color>
    <color name="awsdk_video_visit_console_drawer_background">@color/awsdk_color_charcoal_88</color>
    <color name="awsdk_video_visit_button_outline">@color/awsdk_color_white_20</color>
    <color name="awsdk_video_visit_toolbar_background">@color/awsdk_color_turquoise</color>
    <color name="awsdk_video_visit_connecting_animation">@color/awsdk_color_clear_blue</color>
    <color name="awsdk_video_visit_connecting_animation_2">@color/awsdk_color_bilboa</color>
    <color name="awsdk_video_visit_connecting_animation_3">@color/awsdk_color_sun</color>

    <color name="awsdk_video_visit_control_button_circle">@color/awsdk_color_mango</color>
    <color name="awsdk_video_visit_control_button_circle_pressed">@color/awsdk_color_squash</color>
    <color name="awsdk_video_visit_control_button_circle_focused">@color/awsdk_color_focused</color>

    <color name="awsdk_video_visit_control_button_circle_gray">@color/awsdk_color_slate</color>
    <color name="awsdk_video_visit_control_button_circle_off_pressed">@color/awsdk_color_gray_pressed</color>

    <color name="awsdk_video_visit_dialog_background">@color/awsdk_color_white</color>
    <color name="awsdk_video_visit_toast_background">@color/awsdk_color_black_87</color>
    <color name="awsdk_video_visit_dialog_title">@color/awsdk_color_black</color>
    <color name="awsdk_video_visit_dialog_header">@color/awsdk_color_darkgray</color>
    <color name="awsdk_video_visit_dialog_button">@color/awsdk_color_mango</color>

    <color name="awsdk_video_visit_connecting_button">@color/awsdk_color_mango</color>

    <color name="awsdk_theme_color_control_normal">@color/awsdk_color_black</color>
    <color name="awsdk_theme_color_accent">@color/awsdk_color_blue_accent</color>
    <color name="awsdk_theme_color_primary">@color/awsdk_color_turquoise</color>
    <color name="awsdk_theme_color_primary_dark">@color/awsdk_color_turquoise_dark</color>

    <color name="awsdk_video_visit_timer_low">@color/awsdk_color_red_accent</color>

    <!-- high contrast mode colors -->
    <color name="awsdk_visit_high_contrast_button_end">@color/awsdk_color_salmon</color>
    <color name="awsdk_video_visit_high_contrast_connecting_animation">@color/awsdk_color_turquoise</color>
    <color name="awsdk_video_visit_high_contrast_control_button_circle">@color/awsdk_color_mango</color>
    <color name="awsdk_video_visit_high_contrast_control_button_circle_pressed">@color/awsdk_color_squash</color>
    <color name="awsdk_video_visit_high_contrast_control_button_circle_focused">@color/awsdk_color_focused</color>
    <color name="awsdk_video_visit_high_contrast_control_button_circle_gray">@color/awsdk_color_slate</color>
    <color name="awsdk_video_visit_high_contrast_control_button_circle_off_pressed">@color/awsdk_color_gray_pressed</color>
    <color name="awsdk_video_visit_high_contrast_dialog_button">@color/awsdk_color_mango</color>
    <color name="awsdk_video_visit_high_contrast_connecting_button">@color/awsdk_color_mango</color>

    <color name="awsdk_video_visit_double_tap_zoom_background">@color/awsdk_color_gray_85</color>

</resources>
