<?xml version="1.0" encoding="utf-8"?>
<!--
    * Copyright 2016 American Well Systems
    * All rights reserved.
    * <p/>
    * It is illegal to use, reproduce or distribute
    * any part of this Intellectual Property without
    * prior written authorization from American Well.
-->
<resources>
    <dimen name="awsdk_padding_layout">12dp</dimen>
    <dimen name="awsdk_panel_min_width">660dp</dimen>
    <dimen name="awsdk_panel_min_height">576dp</dimen>

    <dimen name="awsdk_video_progressbar_height">70dp</dimen>
    <dimen name="awsdk_video_progressbar_width">70dp</dimen>
    <dimen name="awsdk_video_visit_time_left_text_size">@dimen/awsdk_text_size_subhead</dimen>
    <dimen name="awsdk_video_visit_time_left_margin_start">15dp</dimen>
    <dimen name="awsdk_video_visit_button_bar_height">50dp</dimen>
    <dimen name="awsdk_video_visit_button_bar_inner_layout_margin_end">15dp</dimen>
    <dimen name="awsdk_video_visit_button_bar_button_margin_start">20dp</dimen>
    <dimen name="awsdk_video_visit_button_bar_button_end_text_size">@dimen/awsdk_text_size_subhead</dimen>
    <dimen name="awsdk_video_visit_message_text_margin_bottom">10dp</dimen>
    <dimen name="awsdk_video_visit_message_text_size">@dimen/awsdk_text_size_subhead</dimen>
    <dimen name="awsdk_video_visit_error_text_size">@dimen/awsdk_text_size_body</dimen>
    <dimen name="awsdk_video_visit_cancel_no_charge_text_size">@dimen/awsdk_text_size_body</dimen>
    <dimen name="awsdk_video_visit_console_button_margin_start">20dp</dimen>
    <dimen name="awsdk_video_visit_console_button_margin_end">20dp</dimen>
    <dimen name="awsdk_video_visit_console_button_margin_bottom">12dp</dimen>
    <dimen name="awsdk_video_visit_console_bottom_sheet_corner_radius">10dp</dimen>
    <dimen name="awsdk_video_visit_console_bottom_sheet_top_padding">8dp</dimen>
    <dimen name="awsdk_video_visit_console_progressbar_height">150dp</dimen>
    <dimen name="awsdk_video_visit_console_progressbar_width">150dp</dimen>
    <dimen name="awsdk_visit_button_bar_margin">16dp</dimen>
    <dimen name="awsdk_visit_button_bar_top_margin">12dp</dimen>
    <dimen name="awsdk_visit_button_bar_bottom_margin">6dp</dimen>
    <dimen name="awsdk_visit_button_bar_margin_end">16dp</dimen>
    <dimen name="awsdk_visit_button_bar_height">50dp</dimen>

    <dimen name="awsdk_video_visit_control_button_icon_margin">32dp</dimen>
    <dimen name="awsdk_video_visit_control_button_icon_margin_bottom">52dp</dimen>
    <dimen name="awsdk_video_visit_control_button_icon_margin_top">12dp</dimen>
    <dimen name="awsdk_video_visit_control_button_margin">20dp</dimen>
    <dimen name="awsdk_video_visit_control_button_margin_bottom">40dp</dimen>
    <dimen name="awsdk_video_visit_control_button_margin_top">0dp</dimen>

    <dimen name="awsdk_dialog_invite_guest_padding_bottom">12dp</dimen>
    <dimen name="awsdk_dialog_invite_guest_padding_top">2dp</dimen>
    <dimen name="awsdk_dialog_invite_guest_padding_start">14dp</dimen>
    <dimen name="awsdk_dialog_invite_guest_padding_end">10dp</dimen>
    <dimen name="awsdk_dialog_invite_guest_header_text_size">@dimen/awsdk_text_size_large</dimen>
    <dimen name="awsdk_dialog_invite_guest_header_padding">5dp</dimen>
    <dimen name="awsdk_dialog_invite_guest_prompt_text_size">@dimen/awsdk_text_size_subhead</dimen>
    <dimen name="awsdk_dialog_invite_guest_prompt_padding">5dp</dimen>
    <dimen name="awsdk_dialog_invite_guest_input_text_size">@dimen/awsdk_text_size_subhead</dimen>
    <dimen name="awsdk_dialog_invite_guest_input_padding">10dp</dimen>
    <dimen name="awsdk_dialog_invite_guest_top_margin">23dp</dimen>

    <!--invite guest list-->
    <dimen name="awsdk_dialog_invite_guest_list_header_prompt_text_size">@dimen/awsdk_text_size_body</dimen>
    <dimen name="awsdk_dialog_invite_guest_list_layout_margin">16dp</dimen>
    <dimen name="awsdk_dialog_invite_guest_list_layout_margin_top">5dp</dimen>
    <dimen name="awsdk_dialog_invite_guest_list_text_size">16sp</dimen>
    <dimen name="awsdk_dialog_invite_guest_list_email_background_radius">50dp</dimen>
    <dimen name="awsdk_dialog_invite_guest_list_layout_padding">16dp</dimen>
    <dimen name="awsdk_dialog_invite_guest_list_button_margin_bottom">40dp</dimen>
    <dimen name="awsdk_dialog_invite_guest_list_button_margin_end">12dp</dimen>
    <dimen name="awsdk_dialog_invite_guest_list_button_margin_start">12dp</dimen>
    <dimen name="awsdk_dialog_invite_guest_list_button_text_size">20sp</dimen>

    <!--custom toast-->
    <dimen name="awsdk_dialog_custom_toast_background_radius">4dp</dimen>
    <dimen name="awsdk_dialog_custom_toast_padding">16dp</dimen>
    <dimen name="awsdk_dialog_custom_toast_margin">8dp</dimen>

    <!-- double tap zoom toast -->
    <dimen name="awsdk_dialog_double_tap_zoom_background_radius">38.5dp</dimen>
    <dimen name="awsdk_dialog_double_tap_zoom_icon_padding">6dp</dimen>
    <dimen name="awsdk_dialog_double_tap_zoom_text_padding">11dp</dimen>

    <dimen name="awsdk_video_control_bar_width">320dp</dimen>
    <dimen name="awsdk_video_control_bar_height">48dp</dimen>
    <dimen name="awsdk_video_control_bar_padding_start">15dp</dimen>
    <dimen name="awsdk_video_control_bar_padding_end">15dp</dimen>
    <dimen name="awsdk_video_min_touch_target">48dp</dimen>

    <dimen name="awsdk_visit_console_video_frame_margin_top">50dp</dimen>
    <!--Picture in Picture portrait parameters.-->
    <dimen name="awsdk_video_player_pip_width">88dp</dimen>
    <dimen name="awsdk_video_player_pip_margin_top">16dp</dimen>
    <dimen name="awsdk_video_player_pip_margin_end">15dp</dimen>

    <dimen name="awsdk_visit_console_top_gradiant_height">99dp</dimen>

    <dimen name="awsdk_visit_console_conference_label_margin_start">10dp</dimen>
    <dimen name="awsdk_visit_console_conference_label_margin_end">114dp</dimen>
    <dimen name="awsdk_visit_console_conference_label_margin_top">10dp</dimen>
    <dimen name="awsdk_visit_console_conference_label_padding">10dp</dimen>

    <dimen name="awsdk_visit_console_conference_label_name_margin_top">6dp</dimen>
    <dimen name="awsdk_visit_console_conference_label_specialty_margin_top">3dp</dimen>
    <dimen name="awsdk_visit_console_conference_label_specialty_margin_bottom">10dp</dimen>

    <dimen name="awsdk_visit_console_controls_height">122dp</dimen>
    <dimen name="awsdk_visit_console_controls_padding_top">6dp</dimen>

    <dimen name="awsdk_visit_console_drawer_height">150dp</dimen>
    <dimen name="awsdk_visit_console_drawer_peek_height">138dp</dimen>
    <dimen name="awsdk_video_console_nub_carrot_top_margin">86dp</dimen>
    <dimen name="awsdk_visit_console_drawer_top_padding">24dp</dimen>
    <dimen name="awsdk_visit_console_drawer_item_top_padding">16dp</dimen>
    <dimen name="awsdk_visit_console_drawer_bottom_padding">16dp</dimen>
    <dimen name="awsdk_visit_console_drawer_item_text_top_padding">8dp</dimen>

    <dimen name="awsdk_visit_control_padding">30dp</dimen>
    <dimen name="awsdk_visit_control_margin">20dp</dimen>
    <dimen name="awsdk_visit_control_text_top_margin">5dp</dimen>

    <dimen name="awsdk_button_min_height">48dp</dimen>
    <dimen name="awsdk_visit_console_connection_status_padding_left">9dp</dimen>
    <dimen name="awsdk_visit_console_connection_status_padding_right">8dp</dimen>

<!-- Text Sizes -->
    <dimen name="awsdk_text_size_availability">13sp</dimen>
    <dimen name="awsdk_text_size_body">14sp</dimen>
    <dimen name="awsdk_text_size_subhead">16sp</dimen>
    <dimen name="awsdk_text_size_title">20sp</dimen>
    <dimen name="awsdk_text_size_large">22sp</dimen>
    <dimen name="awsdk_text_size_headline">24sp</dimen>

    <dimen name="awsdk_button_text_size">14sp</dimen>
    <dimen name="awsdk_link_info_text_size">12sp</dimen>
    <dimen name="awsdk_title_text_size">20sp</dimen>

    <dimen name="awsdk_chat_console_provider_image_size">40dp</dimen>
    <dimen name="awsdk_chat_console_text_max_width">240dp</dimen>
    <dimen name="awsdk_chat_console_vertical_margin">8dp</dimen>
    <dimen name="awsdk_chat_console_started_image_size">120dp</dimen>
    <dimen name="awsdk_chat_console_horizontal_padding">32dp</dimen>
    <dimen name="awsdk_chat_console_chat_item_margin">16dp</dimen>
    <dimen name="awsdk_chat_console_chat_bubble_margin">10dp</dimen>
    <dimen name="awsdk_chat_console_chat_bubble_padding">20dp</dimen>
    <dimen name="awsdk_chat_console_chat_bubble_extra_padding">30dp</dimen>
    <dimen name="awsdk_chat_console_chat_input_horizontal_padding">16dp</dimen>
    <dimen name="awsdk_chat_console_chat_input_top_padding">16dp</dimen>
    <dimen name="awsdk_chat_console_chat_input_bottom_padding">16dp</dimen>
</resources>