<?xml version="1.0" encoding="utf-8"?>

<!--
  ~ Copyright 2017 American Well Systems
  ~ All rights reserved.
  ~ <p/>
  ~ It is illegal to use, reproduce or distribute
  ~ any part of this Intellectual Property without
  ~ prior written authorization from American Well.
  -->

<resources>
    <plurals name="awsdk_console_time_left">
        <item quantity="one">@string/awsdk_console_time_left_1</item>
        <item quantity="other">@string/awsdk_console_time_left</item>
    </plurals>

    <plurals name="awsdk_invite_guest_footer">
        <item quantity="one">@string/awsdk_invite_guest_list_footer_one_guest</item>
        <item quantity="other">@string/awsdk_invite_guest_list_footer</item>
    </plurals>
</resources>