<?xml version="1.0" encoding="utf-8"?>
<!--
    * Copyright 2016 American Well Systems
    * All rights reserved.
    * <p/>
    * It is illegal to use, reproduce or distribute
    * any part of this Intellectual Property without
    * prior written authorization from American Well.
-->
<resources>

    <string name="awsdk_console_title">Video Visit</string>

    <string name="awsdk_conversation_waiting_for_provider">Hang tight! We\'re connecting you with %1$s.</string>
    <string name="awsdk_ending_visit_text">Please wait. \nYour visit is wrapping up.</string>
    <string name="awsdk_console_cancel_visit_message">Are you sure you want to cancel this visit?</string>
    <string name="awsdk_console_cancel_visit_positive">Yes</string>
    <string name="awsdk_console_cancel_visit_negative">No</string>
    <string name="awsdk_video_error_end_visit">End Visit</string>

    <string name="awsdk_console_confirm_call_back_message">Are you sure you want to talk to the provider on the phone?</string>
    <string name="awsdk_console_confirm_call_back_positive">Yes</string>
    <string name="awsdk_console_confirm_call_back_negative">No</string>

    <string name="awsdk_video_error_ok">OK</string>
    <string name="awsdk_button_bar_end">End</string>
    <string name="awsdk_console_end">End</string>
    <string name="awsdk_console_cancel">Cancel</string>
    <string name="awsdk_guest_console_exit">Exit</string>

    <string name="awsdk_refresh_video_loading">Refreshing Video&#8230;\nThe provider can call you back if you lose your connection.</string>

    <string name="awsdk_console_end_visit_message">This will end your visit.</string>

    <string name="awsdk_console_the_end_is_near_message">You have one minute remaining.</string>
    <string name="awsdk_console_the_end_is_near_neutral_button">OK</string>

    <string name="awsdk_console_extension_message">%1$s has offered to extend this conversation. You
		will be charged %2$s for %3$d additional minutes.\n\nWould you like to extend this visit?</string>
    <string name="awsdk_console_extension_positive">Yes</string>
    <string name="awsdk_console_extension_negative">No</string>

    <string name="awsdk_refresh_video_or_end">It looks like your video disconnected. We\'re trying to reconnect you now.</string>
    <string name="awsdk_refresh_trying_to_reconnect">We\'re trying to reconnect you now.</string>

    <string name="awsdk_error_network_other">Internet connection interrupted</string>

    <string name="awsdk_console_time_left_1">%1$d Min Left</string>
    <string name="awsdk_console_time_left">%1$d Mins Left</string>

    <string name="awsdk_visit_error_confirmextend">Unable to confirm extension</string>
    <string name="awsdk_visit_invite_guest_limit_reached">Invite Limit Reached\nYou can add up to %1$d guests per visit.</string>
    <string name="awsdk_visit_invite_guest_limit_button_ok">OK</string>

    <string name="awsdk_permissions_denied_button">End Visit</string>

    <string name="awsdk_audio_permission_rationale_text">Microphone access is required to have a visit with your provider. Please allow access on the following screen.</string>
    <string name="awsdk_camera_permission_rationale_text">Camera access is required to have a visit with your provider. Please allow access on the following screen. </string>
    <string name="awsdk_phone_permission_denied_text">Please enable phone access from the settings page.</string>
    <string name="awsdk_phone_permission_rationale_text">Phone state access is required to determine networks before starting a visit. Please allow access on the following screen.</string>
    <string name="awsdk_default_permission_rationale_text">We require a permission that has yet to be granted. Please provide us with access on the following screen.</string>

    <string name="awsdk_audio_permission_denied_text">Microphone access denied. Please enable microphone access from the settings page.</string>
    <string name="awsdk_camera_permission_denied_text">Please enable camera access from the settings page.</string>
    <string name="awsdk_default_permission_denied_text">Please make sure all required permissions have been granted.</string>
    <string name="awsdk_ending_visit_permissions_consumer">%1$s\n\nYou will not be charged for this visit.</string>
    <string name="awsdk_ending_visit_permissions_guest">%1$s</string>

    <string name="awsdk_invite_guest_dialog_header">Invite a Guest</string>
    <string name="awsdk_invite_guest_dialog_prompt">Enter an email address and we\'ll send your guest a link to join this visit.</string>
    <string name="awsdk_invite_guest_dialog_hint">Guest\'s Email</string>
    <string name="awsdk_invite_guest_dialog_button_send">Send</string>
    <string name="awsdk_invite_guest_dialog_button_cancel">Cancel</string>
    <string name="awsdk_validation_email_invalid">Please enter a valid email address</string>
    <string name="awsdk_validation_email_duplicate">This email is already invited</string>
    <string name="awsdk_invite_guest_error">Unable to invite guest</string>

    <!--invite guest list-->
    <string name="awsdk_invite_guest_list_footer_one_guest">You may invite up to %1$d guest.</string>
    <string name="awsdk_invite_guest_list_footer">You may invite up to %1$d guests.</string>
    <string name="awsdk_invite_guest_list_hint">Guests You\'ve Invited</string>
    <string name="awsdk_invite_guest_list_max_number_of_guests_invited">You\'ve invited the maximum number of guests.</string>
    <string name="awsdk_invite_guest_list_guests_email">Guest\'s Email</string>
    <string name="awsdk_invite_guest_list_invited_guest_email">Invited Guest Email</string>

    <!--custom toast-->
    <string name="awsdk_custom_toast_invites_sent">Invites Sent</string>
    <string name="awsdk_custom_toast_invites_not_sent">Failed to send invite</string>
    <string name="awsdk_custom_toast_get_guest_invites_error">Failed to retrieve current guest invitations</string>

    <!-- double tap to zoom -->
    <string name="awsdk_double_tap_to_zoom">Double Tap to Zoom</string>

    <!-- Multi-way video participant -->
    <string name="awsdk_video_conference_begin">The visit will begin shortly</string>
    <string name="awsdk_video_conference_leave_confirm">Are you sure you want to leave the visit?</string>
    <string name="awsdk_video_conference_leave">Leave</string>
    <string name="awsdk_video_conference_cancel">Cancel</string>
    <string name="awsdk_video_conference_refresh_video_loading">Refreshing Video&#8230; If you lose your connection, you can rejoin the visit by tapping the Join Now button in your invitation email.</string>

    <string name="awsdk_video_consumer_connect_failed_info">It looks like you are having trouble connecting. We\'re still trying to connect you.</string>
    <string name="awsdk_video_consumer_reconnect_failed_info">It looks like you are having trouble reconnecting. We\'re still trying to connect you.</string>
    <string name="awsdk_video_reconnecting_cancel">We\'re still trying to connect you. If you\'d prefer not to
        wait, you can cancel the visit</string>
    <string name="awsdk_video_provider_connect_failed_info">You\'ve connected but we\'re still loading %1$s\'s video.</string>
    <string name="awsdk_video_provider_reconnect">We\'re reconnecting %1$s\'s video. Please wait for your provider to rejoin the visit.</string>
    <string name="awsdk_video_provider_reconnect_short">We\'re reconnecting %1$s\'s video.</string>
    <string name="awsdk_video_provider_reconnect_subtext">Please wait for your provider to rejoin the visit.</string>
    <string name="awsdk_video_provider_reconnect_failed_info">We\'re still waiting for %1$s to rejoin.</string>
    <string name="awsdk_video_error_wait_or_cancel">If you\'d prefer not to wait, you can cancel the visit.</string>
    <string name="awsdk_video_error_wait_or_end">If you\'d prefer not to wait, you can end the visit.</string>
    <string name="awsdk_video_error_wait_or_cancel_ivr">If you\'d prefer not to wait, you can talk to the provider on the phone or cancel the visit.</string>
    <string name="awsdk_video_error_wait_or_end_ivr">If you\'d prefer not to wait, you can talk to the provider on the phone or end the visit.</string>
    <string name="awsdk_video_error_cancel_visit">Cancel Visit</string>
    <string name="awsdk_video_error_cancel_no_charge">If you cancel, you will not be charged.</string>
    <string name="awsdk_video_error_call_back">Talk via Phone</string>
    <string name="awsdk_call_back_error">Unable to place call. Please try again.</string>

    <string name="awsdk_send_guest_invite">Send Invite</string>

    <string name="awsdk_toggle_speaker_txt">Speaker</string>
    <string name="awsdk_invite_guest_txt">Invite</string>
    <string name="awsdk_toggle_mic_txt">Mic</string>
    <string name="awsdk_reload_txt">Reload</string>
    <string name="awsdk_toggle_camera_txt">Camera</string>
    <string name="awsdk_switch_camera_txt">Switch</string>

    <string name="awsdk_image_desc_toggle_dock">Toggle dock</string>
    <string name="awsdk_image_desc_refresh_video">Refresh video</string>
    <string name="awsdk_image_desc_toggle_speaker">Toggle speaker</string>
    <string name="awsdk_image_desc_invite_guest">Invite guest</string>
    <string name="awsdk_image_desc_toggle_mic">Toggle microphone</string>
    <string name="awsdk_image_desc_toggle_camera">Toggle camera</string>
    <string name="awsdk_image_desc_drawer">Drawer</string>

    <string name="awsdk_visit_default_guest_display_name">Guest</string>
    <string name="awsdk_visit_loading_member">It looks like you are having trouble connecting.</string>
    <string name="awsdk_visit_connecting">Please Wait.</string>
    <string name="awsdk_visit_disconnected_member">It looks like your video disconnected.</string>
    <string name="awsdk_visit_trouble_reconnecting">It looks like you are having trouble reconnecting.</string>
    <string name="awsdk_visit_wrapping_up">Your visit is wrapping up.</string>
    <string name="awsdk_visit_can_end_visit">If you\’d prefer not to wait, you can end the visit.</string>
    <string name="awsdk_visit_refresh_video">Refresh Video</string>
    <string name="awsdk_visit_call_me">Call Me</string>
    <string name="awsdk_visit_setting_up_video">We\'re setting up your video.</string>
    <string name="awsdk_visit_establish_connection">We\'re establishing a connection.</string>
    <string name="awsdk_visit_provider_connecting">%s is connecting.</string>
    <string name="awsdk_visit_provider_name">The Provider</string>
    <string name="awsdk_visit_provider_may_call">It looks like the connection is taking longer than expected. The provider may choose to call you directly.</string>

    <!-- Text for accessibility -->
    <string name="awsdk_visit_action_drawer_deactivated_wcag">Open the Drawer</string>
    <string name="awsdk_visit_action_drawer_activated_wcag">Close the Drawer</string>
    <string name="awsdk_visit_drawer_activated_wcag">Drawer Open</string>
    <string name="awsdk_visit_drawer_deactivated_wcag">Drawer Closed</string>

    <string name="awsdk_visit_camera_activated_wcag">Camera ON</string>
    <string name="awsdk_visit_camera_deactivated_wcag">Camera OFF</string>
    <string name="awsdk_visit_action_camera_activated_wcag">Turn Camera ON</string>
    <string name="awsdk_visit_action_camera_deactivated_wcag">Turn Camera OFF</string>

    <string name="awsdk_visit_mic_activated_wcag">Mic ON</string>
    <string name="awsdk_visit_mic_deactivated_wcag">Mic OFF</string>
    <string name="awsdk_visit_action_mic_activated_wcag">Turn Mic ON</string>
    <string name="awsdk_visit_action_mic_deactivated_wcag">Turn Mic OFF</string>

    <string name="awsdk_visit_front_camera_activated_wcag">Front Camera ON</string>
    <string name="awsdk_visit_rear_camera_activated_wcag">Rear Camera ON</string>
    <string name="awsdk_visit_other_camera_activated_wcag">Other Camera ON</string>
    <string name="awsdk_visit_action_switchCamera">Switch Camera</string>

    <string name="awsdk_visit_speaker_activated_wcag">Speaker ON</string>
    <string name="awsdk_visit_speaker_deactivated_wcag">Speaker OFF</string>
    <string name="awsdk_visit_action_speaker_activated_wcag">Turn Speaker ON</string>
    <string name="awsdk_visit_action_speaker_deactivated_wcag">Turn Speaker OFF</string>

    <string name="awsdk_visit_action_invite_guest_wcag">Invite Guest</string>
    <string name="awsdk_visit_invite_guest_navigation_close_wcag">Close</string>

    <string name="awsdk_end_visit_wcag">End the Visit</string>

    <string name="awsdk_reload_wcag">Reload Video</string>
    <string name="awsdk_reloading_wcag">Reloading Video</string>

    <string name="awsdk_visit_not_charged">(You will not be charged)</string>

    <string name="awsdk_message_draft_reply_prefix">RE: </string>
    <string name="awsdk_message_draft_forward_prefix">FW: </string>
    <string name="awsdk_message_draft_format_body_reply">
        &lt;br/&gt;&lt;br/&gt;{0}&lt;br/&gt;&lt;br/&gt;
        From: {1} &lt;br/&gt;
        Sent: {2,date,long}&lt;br/&gt;
        To: {3}&lt;br/&gt;
        Subject: {4}&lt;br/&gt;&lt;br/&gt;
        {5}
    </string>

    <string name="awsdk_visit_chat_console_title">Chat Visit</string>
    <string name="awsdk_provider_image_content_description">Provider image</string>
    <string name="awsdk_visit_chat_console_started">Your chat visit has begun.</string>
    <string name="awsdk_visit_chat_console_message_time_format" translatable="false">%1$tl:%1$tM %1$Tp</string>
    <string name="awsdk_visit_chat_console_message_prompt">Write a message …</string>
</resources>
