<?xml version="1.0" encoding="utf-8"?>
<!--
    * Copyright 2016 American Well Systems
    * All rights reserved.
    * <p/>
    * It is illegal to use, reproduce or distribute
    * any part of this Intellectual Property without
    * prior written authorization from American Well.
-->
<resources>

    <style name="AwsdkVideoConsoleEndButton" parent="@android:style/Widget.Holo.Button.Borderless">
        <item name="android:layout_width">wrap_content</item>
        <item name="android:layout_height">wrap_content</item>
        <item name="android:layout_gravity">center</item>
        <item name="android:minHeight">@dimen/awsdk_video_min_touch_target</item>
        <item name="android:minWidth">@dimen/awsdk_video_min_touch_target</item>
        <item name="android:textAllCaps">true</item>
        <item name="android:textColor">@color/awsdk_video_visit_button_end</item>
        <item name="android:textAppearance">@style/AwsdkButton.Light.Large</item>
    </style>

    <style name="AwsdkVideoConsoleButton" parent="@style/Widget.AppCompat.Button.Colored">
        <item name="android:textAlignment">center</item>
        <item name="android:minHeight">@dimen/awsdk_video_min_touch_target</item>
        <item name="android:minWidth">@dimen/awsdk_video_min_touch_target</item>
        <item name="android:backgroundTint">@color/awsdk_video_visit_dialog_button</item>
        <item name="android:textAppearance">@style/AwsdkTitle.Light</item>
    </style>

    <style name="AwsdkVideoConsoleConnectingButton" parent="AwsdkVideoConsoleButton">
        <item name="android:backgroundTint">@color/awsdk_video_visit_connecting_button</item>
    </style>

    <style name="AwsdkVideoConsoleButton.AwsdkButtonColored">
        <item name="android:backgroundTint">@color/awsdk_color_mango</item>
        <item name="android:textSize">@dimen/awsdk_dialog_invite_guest_list_button_text_size</item>
    </style>

    <style name="AwsdkVideoConsoleTopBarButton" parent="@style/Widget.AppCompat.Button.Colored">
        <item name="android:textAlignment">center</item>
        <item name="android:minHeight">36dp</item>
        <item name="android:minWidth">65dp</item>
        <item name="android:maxHeight">54dp</item>
        <item name="android:backgroundTint">@color/awsdk_visit_button_end</item>
        <item name="android:textAppearance">@style/AwsdkButton.Light.Large</item>
    </style>

    <style name="AwsdkVideoConsoleProgressBar" parent="AWSDKTheme">
        <item name="colorAccent">@color/awsdk_color_turquoise</item>
    </style>

    <style name="AwsdkFullScreenDialog">
        <item name="android:windowFrame">@null</item>
        <item name="android:windowIsFloating">true</item>
        <item name="android:windowContentOverlay">@null</item>
        <item name="android:windowAnimationStyle">@android:style/Animation.Dialog</item>
        <item name="android:windowSoftInputMode">stateUnspecified|adjustPan</item>
    </style>

    <style name="AwsdkLinkButton">
        <item name="android:padding">5dp</item>
        <item name="android:background">@color/awsdk_transparent_background</item>
        <item name="android:minHeight">@dimen/awsdk_button_min_height</item>
        <item name="android:textAllCaps">false</item>
        <item name="android:textAppearance">@style/AwsdkButton.Light</item>
    </style>

    <style name="AwsdkConsoleButton.BottomShadow">
        <item name="android:stateListAnimator">@null</item>
        <item name="android:elevation">4dp</item>
    </style>

    <style name="AwsdkConsoleButton">
        <item name="android:layout_width">96dp</item>
        <item name="android:layout_height">96dp</item>
        <item name="android:gravity">bottom|center_horizontal</item>
        <item name="android:paddingBottom">10dp</item>
        <item name="android:textAllCaps">false</item>
        <item name="android:textAppearance">@style/AwsdkLabelXSmall</item>
    </style>

    <style name="AwsdkInvitedGuestsEmail">
        <item name="android:paddingStart">16dp</item>
        <item name="android:paddingEnd">16dp</item>
        <item name="android:paddingTop">5dp</item>
        <item name="android:paddingBottom">5dp</item>
        <item name="android:layout_margin">3dp</item>
        <item name="android:background">@color/awsdk_transparent_background</item>
    </style>

    <style name="AWSDKEditText" parent="Widget.AppCompat.EditText">
        <item name="android:textSize">@dimen/awsdk_dialog_invite_guest_prompt_text_size</item>
        <item name="android:textAppearance">@style/AwsdkBody.Secondary</item>
        <item name="android:textColorHint">@color/awsdk_color_very_light_grey</item>
        <item name="android:singleLine">true</item>
        <item name="android:maxLines">1</item>
    </style>

    <!-- Text Styles -->

    <!-- Used for the text appearance for Invite a Guest title-->
    <style name="AwsdkTitle" parent="TextAppearance.AppCompat">
        <item name="android:textSize">@dimen/awsdk_title_text_size</item>
        <item name="android:fontFamily">sans-serif-medium</item>
        <item name="android:textStyle">normal</item>
        <item name="android:letterSpacing">-0.02</item>
        <item name="android:textColor">@color/awsdk_color_black_87</item>
    </style>

    <!-- Used for AwsdkVideoConsoleButton style -->
    <style name="AwsdkTitle.Light">
        <item name="android:textColor">@color/awsdk_color_white</item>
    </style>

    <!-- Used for visit timer text -->
    <style name="AwsdkTitle.Light.Timer">
        <item name="android:gravity">center_horizontal</item>
        <item name="android:lineSpacingExtra">2sp</item>
    </style>

    <!-- Used for conference name label and the main text on the console connection status screen -->
    <style name="AwsdkHeadline.Small" parent="TextAppearance.AppCompat">
        <item name="android:textSize">20sp</item>
        <item name="android:fontFamily">sans-serif</item>
        <item name="android:textStyle">bold</item>
        <item name="android:textColor">@color/awsdk_color_coal</item>
    </style>

    <style name="AwsdkHeadline.Small.Light">
        <item name="android:textColor">@color/awsdk_color_white</item>
    </style>

    <!-- Used for invited guest list text -->
    <style name="AwsdkSubhead" parent="TextAppearance.AppCompat">
        <item name="android:textSize">@dimen/awsdk_text_size_subhead</item>
        <item name="android:fontFamily">sans-serif</item>
        <item name="android:textStyle">normal</item>
        <item name="android:textColor">@color/awsdk_color_coal</item>
    </style>

    <!-- Currently only used as a parent for child styles -->
    <style name="AwsdkBody" parent="TextAppearance.AppCompat">
        <item name="android:textSize">@dimen/awsdk_text_size_body</item>
        <item name="android:fontFamily">sans-serif</item>
        <item name="android:textStyle">normal</item>
        <item name="android:textColor">@color/awsdk_color_black_87</item>
    </style>

    <!-- Used for body text for invite guest -->
    <style name="AwsdkBody.Secondary">
        <item name="android:textColor">@color/awsdk_color_black_54</item>
    </style>

    <!-- Used for guest you invited label -->
    <style name="AwsdkBody.Secondary.Bold">
        <item name="android:textStyle">bold</item>
    </style>

    <!-- Used for custom toast messages, double tap to zoom text, conference guest specialty label, and
    console connection status subtext  -->
    <style name="AwsdkBody.White">
        <item name="android:textColor">@color/awsdk_color_white</item>
    </style>

    <!-- Used for console connection status no charge text -->
    <style name="AwsdkLight.Caption2" parent="TextAppearance.AppCompat">
        <item name="android:gravity">center_horizontal</item>
        <item name="android:textSize">12sp</item>
        <item name="android:fontFamily">sans-serif</item>
        <item name="android:textStyle">normal</item>
        <item name="android:textColor">@color/awsdk_color_very_light_grey</item>
    </style>

    <!-- Used within other styles -->
    <style name="AwsdkButton.Light" parent="TextAppearance.AppCompat">
        <item name="android:textSize">@dimen/awsdk_button_text_size</item>
        <item name="android:textStyle">normal</item>
        <item name="android:lineSpacingExtra">0sp</item>
        <item name="android:textColor">@color/awsdk_color_white</item>
    </style>

    <!-- Used within other styles -->
    <style name="AwsdkButton.Light.Large">
        <item name="android:gravity">center_horizontal</item>
        <item name="android:textSize">@dimen/awsdk_video_visit_button_bar_button_end_text_size</item>
        <item name="android:fontFamily">sans-serif-medium</item>
    </style>

    <!-- Used for AwsdkConsoleButton style -->
    <style name="AwsdkLabelXSmall" parent="TextAppearance.AppCompat">
        <item name="android:gravity">center_horizontal</item>
        <item name="android:textSize">11sp</item>
        <item name="android:fontFamily">sans-serif</item>
        <item name="android:textStyle">normal</item>
        <item name="android:textColor">@color/awsdk_color_white</item>
    </style>

    <!-- End Text Styles -->

</resources>