<?xml version="1.0" encoding="utf-8"?>
<!--
    * Copyright 2016 American Well Systems
    * All rights reserved.
    * <p/>
    * It is illegal to use, reproduce or distribute
    * any part of this Intellectual Property without
    * prior written authorization from American Well.
-->
<resources xmlns:android="http://schemas.android.com/apk/res/android">

    <style name="AWSDKTheme" parent="Theme.AppCompat.Light">
        <item name="colorPrimary">@color/awsdk_theme_color_primary</item>
        <item name="colorPrimaryDark">@color/awsdk_theme_color_primary_dark</item>
        <item name="colorControlNormal">@color/awsdk_theme_color_control_normal</item>
        <item name="colorAccent">@color/awsdk_theme_color_accent</item>
        <item name="windowActionBar">false</item>
        <item name="windowNoTitle">true</item>
        <item name="android:windowNoTitle">true</item>
        <item name="android:windowContentOverlay">@null</item>
    </style>

    <style name="AWSDKTheme.Fullscreen">
        <item name="android:windowFullscreen">true</item>
    </style>

    <style name="AWSDKTheme.AppBarOverlay" parent="Base.ThemeOverlay.AppCompat.Dark.ActionBar" />

    <style name="AWSDKTheme.PopupOverlay" parent="Base.ThemeOverlay.AppCompat.Light" />
</resources>