<?xml version="1.0" encoding="utf-8"?>
<!--
    * Copyright 2016 American Well Systems
    * All rights reserved.
    * <p/>
    * It is illegal to use, reproduce or distribute
    * any part of this Intellectual Property without
    * prior written authorization from American Well.
-->
<resources>
    <dimen name="awsdk_padding_layout">15dp</dimen>
    <dimen name="awsdk_panel_min_height">430dp</dimen>

    <!--Picture in Picture landscape parameters.-->
    <dimen name="awsdk_video_player_pip_width">200dp</dimen>
    <dimen name="awsdk_video_player_pip_margin_top">16dp</dimen>
    <dimen name="awsdk_video_player_pip_margin_end">16dp</dimen>

    <!--End button margin.-->
    <dimen name="awsdk_visit_button_bar_margin_end">32dp</dimen>
</resources>