<?xml version="1.0" encoding="utf-8"?>
<!--
    * Copyright 2016 American Well Systems
    * All rights reserved.
    * <p/>
    * It is illegal to use, reproduce or distribute
    * any part of this Intellectual Property without
    * prior written authorization from American Well.
-->
<resources>
    <dimen name="awsdk_padding_layout">15dp</dimen>
    <dimen name="awsdk_panel_min_height">576dp</dimen>
    <dimen name="awsdk_text_size_body">18sp</dimen>
    <dimen name="awsdk_text_size_subhead">20sp</dimen>
    <dimen name="awsdk_text_size_large">26sp</dimen>

    <!--Picture in Picture landscape parameters.-->
    <dimen name="awsdk_video_player_pip_width">250dp</dimen>
    <dimen name="awsdk_video_player_pip_margin_top">16dp</dimen>
    <dimen name="awsdk_video_player_pip_margin_end">16dp</dimen>
</resources>